file,name
100-anos-de-hollywood.csv,100-anos-de-hollywood
1916-democracia-ano-cero.csv,1916-democracia-ano-cero
1945-el-mundo-despues.csv,1945-el-mundo-despues
200-anos-de-amor-en-argentina.csv,200-anos-de-amor-en-argentina
200-dias-que-cambiaron-el-mundo.csv,200-dias-que-cambiaron-el-mundo
25-anos-de-todos.csv,25-anos-de-todos
2x4-cine.csv,2x4-cine
3d-tres-decadas-de-democracia.csv,3d-tres-decadas-de-democracia
6-mil-millones-de-otros.csv,6-mil-millones-de-otros
9-de-julio-patriotas-en-la-tormenta.csv,9-de-julio-patriotas-en-la-tormenta
9999-la-ciencia-de-las-abuelas.csv,9999-la-ciencia-de-las-abuelas
a-cada-uno-su-cine.csv,a-cada-uno-su-cine
a-fondo.csv,a-fondo
a-la-sombra-del-aconcagua-historia.csv,a-la-sombra-del-aconcagua-historia
aca-estamos-historias-de-nietos-que.csv,aca-estamos-historias-de-nietos-que
acechando-al-jaguar.csv,acechando-al-jaguar
adictos-a-las-series.csv,adictos-a-las-series
africa.csv,africa
africa-salvaje.csv,africa-salvaje
agora-2-0.csv,agora-2-0
agricultura-familiar.csv,agricultura-familiar
aguas-adentro.csv,aguas-adentro
aire-cambio-climatico.csv,aire-cambio-climatico
al-trote.csv,al-trote
albert-camus-el-periodismo-comprometido.csv,albert-camus-el-periodismo-comprometido
albert-camus-una-lucha-contra-lo.csv,albert-camus-una-lucha-contra-lo
alfred-hitchcock-presenta.csv,alfred-hitchcock-presenta
alterados-por-pi.csv,alterados-por-pi
amigos-del-volante.csv,amigos-del-volante
andy-warhol.csv,andy-warhol
angelelli-la-palabra-viva.csv,angelelli-la-palabra-viva
animal-que-cuenta.csv,animal-que-cuenta
animales-en-el-vientre.csv,animales-en-el-vientre
anos-decisivos.csv,anos-decisivos
apocalipsis.csv,apocalipsis
apocalipsis-el-ascenso-de-hitler.csv,apocalipsis-el-ascenso-de-hitler
arabia-salvaje.csv,arabia-salvaje
archivos-de-la-democracia.csv,archivos-de-la-democracia
archivos-odonnell.csv,archivos-odonnell
archivos-santafesinos-200-anos-de.csv,archivos-santafesinos-200-anos-de
argentina-beat.csv,argentina-beat
argentina-es-musica.csv,argentina-es-musica
argentina-tambien-es-afro.csv,argentina-tambien-es-afro
argentina-y-la-gran-guerra.csv,argentina-y-la-gran-guerra
arquitectos-maestros-del-espacio.csv,arquitectos-maestros-del-espacio
arsat-1-a-la-altura-de-las-estrellas.csv,arsat-1-a-la-altura-de-las-estrellas
arte-callejero.csv,arte-callejero
asamblea-1813.csv,asamblea-1813
atenas-la-verdad-acerca-de-la.csv,atenas-la-verdad-acerca-de-la
atlantico-sur.csv,atlantico-sur
atmosfera-callejera.csv,atmosfera-callejera
auschwitz-los-nazis-y-la-solucion-final.csv,auschwitz-los-nazis-y-la-solucion-final
avelino-bazan-la-historia-del-mitico.csv,avelino-bazan-la-historia-del-mitico
aves-del-paraiso.csv,aves-del-paraiso
babilonia-al-descubierto.csv,babilonia-al-descubierto
bajo-pueblo.csv,bajo-pueblo
baltico-salvaje.csv,baltico-salvaje
bariloche-en-historia.csv,bariloche-en-historia
basquiat-una-vida.csv,basquiat-una-vida
basta-de-reir.csv,basta-de-reir
batalla-de-salta.csv,batalla-de-salta
batallas-de-la-libertad.csv,batallas-de-la-libertad
beijing-biografia-de-una-capital.csv,beijing-biografia-de-una-capital
belgranenses.csv,belgranenses
belgrano-la-pelicula.csv,belgrano-la-pelicula
belgrano-tu-pelicula.csv,belgrano-tu-pelicula
belleza-animal.csv,belleza-animal
besos-en-la-frente.csv,besos-en-la-frente
big-mama.csv,big-mama
bio-ar.csv,bio-ar
biografias-de-la-literatura.csv,biografias-de-la-literatura
bizarros-cronicas-de-coraje-y.csv,bizarros-cronicas-de-coraje-y
bolano-cercano.csv,bolano-cercano
borges-por-piglia.csv,borges-por-piglia
bravo-por-bravo.csv,bravo-por-bravo
buscadores-de-tormentas.csv,buscadores-de-tormentas
buscando-a-gabo.csv,buscando-a-gabo
calle-descartes-numero-16.csv,calle-descartes-numero-16
cambio-ambiental.csv,cambio-ambiental
cambio-climatico-una-charla-con.csv,cambio-climatico-una-charla-con
camino-a-la-guerra.csv,camino-a-la-guerra
cancion-urgente.csv,cancion-urgente
cantoras.csv,cantoras
caravaggio.csv,caravaggio
caribe-salvaje.csv,caribe-salvaje
carlos-fuentealba-camino-de-un-maestro.csv,carlos-fuentealba-camino-de-un-maestro
carlos-fuentes.csv,carlos-fuentes
carlos-gardel-larga-duracion.csv,carlos-gardel-larga-duracion
carnaval-una-fiesta-popular.csv,carnaval-una-fiesta-popular
cartas-del-pueblo.csv,cartas-del-pueblo
caudillos.csv,caudillos
centro-cultural-kirchner.csv,centro-cultural-kirchner
cero-drama.csv,cero-drama
cesar-milstein.csv,cesar-milstein
chamame.csv,chamame
charlas-tedx-rio-de-la-plata.csv,charlas-tedx-rio-de-la-plata
charlas-tedxr-iodelaplata.csv,charlas-tedxr-iodelaplata
che-un-hombre-nuevo.csv,che-un-hombre-nuevo
cine-21.csv,cine-21
cine-clase-f.csv,cine-clase-f
cine-entre-l-ineas.csv,cine-entre-l-ineas
cine-positivo.csv,cine-positivo
cine-y-democracia.csv,cine-y-democracia
cine-y-malvinas.csv,cine-y-malvinas
civilizaciones-secretas-incas-y-mayas.csv,civilizaciones-secretas-incas-y-mayas
clasicos-latinoamericanos.csv,clasicos-latinoamericanos
claves-de-lectura.csv,claves-de-lectura
clementina.csv,clementina
coeficiente-intelectual.csv,coeficiente-intelectual
como-construir-un-planeta.csv,como-construir-un-planeta
como-empece-a-odiar-las-matematicas.csv,como-empece-a-odiar-las-matematicas
como-hice.csv,como-hice
como-luego-existo.csv,como-luego-existo
como-sobrevivir-a-una-plaga.csv,como-sobrevivir-a-una-plaga
con-ustedes-el-cine.csv,con-ustedes-el-cine
conectad-s.csv,conectad-s
conectar-igualdad-escuelas-en-red.csv,conectar-igualdad-escuelas-en-red
conectar-miradas.csv,conectar-miradas
conferencia-de-la-ceguera.csv,conferencia-de-la-ceguera
conociendo-al-capital.csv,conociendo-al-capital
consciente-colectivo.csv,consciente-colectivo
construir-futuro-con-trabajo-decente.csv,construir-futuro-con-trabajo-decente
construyendo-un-imperio.csv,construyendo-un-imperio
consumo-cuidado.csv,consumo-cuidado
continuara.csv,continuara
contraplano.csv,contraplano
conurbano.csv,conurbano
convirtiendose-en-los-beatles.csv,convirtiendose-en-los-beatles
corea-la-reunificacion-imposible.csv,corea-la-reunificacion-imposible
corte-rancho.csv,corte-rancho
cosquin-el-festival-del-pueblo.csv,cosquin-el-festival-del-pueblo
costas-de-australia.csv,costas-de-australia
cr-onicas-de-archivo.csv,cr-onicas-de-archivo
creando-elementos.csv,creando-elementos
creciendo-con-sancho.csv,creciendo-con-sancho
croacia-salvaje.csv,croacia-salvaje
cromanon-que-no-se-repita.csv,cromanon-que-no-se-repita
cuando-los-moros-gobernaban-europa.csv,cuando-los-moros-gobernaban-europa
cuerpo-a-cuerpo.csv,cuerpo-a-cuerpo
cuerpos.csv,cuerpos
cuidado-con-el-perro.csv,cuidado-con-el-perro
cultura-para-principiantes.csv,cultura-para-principiantes
cumbia-de-la-buena.csv,cumbia-de-la-buena
curso-de-primeros-auxilios.csv,curso-de-primeros-auxilios
danubio-el-amazonas-europeo.csv,danubio-el-amazonas-europeo
dar-la-nota.csv,dar-la-nota
de-hollywood-a-nuremberg-john-ford.csv,de-hollywood-a-nuremberg-john-ford
de-neftali-a-pablo.csv,de-neftali-a-pablo
dentro-de-la-mente.csv,dentro-de-la-mente
dentro-de-la-via-lactea.csv,dentro-de-la-via-lactea
deporte-desaparecidos-y-dictadura.csv,deporte-desaparecidos-y-dictadura
deporte-joven.csv,deporte-joven
desaparicion-forzada.csv,desaparicion-forzada
descifrando-el-codigo-genetico.csv,descifrando-el-codigo-genetico
descubriendo-las-formulas-de-la-vida.csv,descubriendo-las-formulas-de-la-vida
desde-el-cielo.csv,desde-el-cielo
detras-de-todo-encuentro.csv,detras-de-todo-encuentro
dialogos-con-laclau.csv,dialogos-con-laclau
diario-del-orangutan.csv,diario-del-orangutan
diarios-de-escultura.csv,diarios-de-escultura
diarios-de-expedicion.csv,diarios-de-expedicion
dictaduras-latinoamericanas.csv,dictaduras-latinoamericanas
dinastia-medici-padrinos-del.csv,dinastia-medici-padrinos-del
dinosaurios-sobre-hielo.csv,dinosaurios-sobre-hielo
diseno-industrial-argentino.csv,diseno-industrial-argentino
disparos-en-la-biblioteca.csv,disparos-en-la-biblioteca
distancia-cero-historia-de-las.csv,distancia-cero-historia-de-las
doctv-latinoamerica.csv,doctv-latinoamerica
dolor-pus-y-veneno.csv,dolor-pus-y-veneno
donar-sangre-salva-vidas.csv,donar-sangre-salva-vidas
donde-esta-fierro.csv,donde-esta-fierro
duch.csv,duch
economia-desde-cero.csv,economia-desde-cero
efecto-realidad-periodismo-de.csv,efecto-realidad-periodismo-de
egipto-al-descubierto.csv,egipto-al-descubierto
egipto-el-imperio-dorado.csv,egipto-el-imperio-dorado
eje-de-luz-ocho-artistas-de-medio.csv,eje-de-luz-ocho-artistas-de-medio
ejercicio-plastico.csv,ejercicio-plastico
ejercito-y-pol-itica.csv,ejercito-y-pol-itica
el-abecedario-de-deleuze.csv,el-abecedario-de-deleuze
el-adn-nuestros-antepasados-y-nosotros.csv,el-adn-nuestros-antepasados-y-nosotros
el-ala-rota-la-vida-de-jorge-newbery.csv,el-ala-rota-la-vida-de-jorge-newbery
el-amazonas-salvaje.csv,el-amazonas-salvaje
el-amor-al-cine.csv,el-amor-al-cine
el-ano-del-erizo.csv,el-ano-del-erizo
el-apagon.csv,el-apagon
el-arbol-de-la-muralla.csv,el-arbol-de-la-muralla
el-arte-de-la-guerra.csv,el-arte-de-la-guerra
el-astillero-gigantes-en-tierra.csv,el-astillero-gigantes-en-tierra
el-big-bang-mis-ancestros-y-yo.csv,el-big-bang-mis-ancestros-y-yo
el-buen-mozo-de-la-rosada.csv,el-buen-mozo-de-la-rosada
el-bueno-el-malo-y-el-oso-pardo.csv,el-bueno-el-malo-y-el-oso-pardo
el-camino-de-la-justicia.csv,el-camino-de-la-justicia
el-camino-de-la-vida.csv,el-camino-de-la-vida
el-caso-melincue.csv,el-caso-melincue
el-cerebro-y-yo.csv,el-cerebro-y-yo
el-ciclo-de-la-vida.csv,el-ciclo-de-la-vida
el-cielo-otra-vez.csv,el-cielo-otra-vez
el-cine-va-a-la-escuela.csv,el-cine-va-a-la-escuela
el-codigo-de-la-vida.csv,el-codigo-de-la-vida
el-codigo-genetico.csv,el-codigo-genetico
el-codigo-miguel-angel.csv,el-codigo-miguel-angel
el-cuento-de-toki.csv,el-cuento-de-toki
el-cuerpo-viviente.csv,el-cuerpo-viviente
el-desembarco-de-normandia.csv,el-desembarco-de-normandia
el-dia-que-comenzo-la-noche.csv,el-dia-que-comenzo-la-noche
el-dialogo-de-america.csv,el-dialogo-de-america
el-discurso-del-rey-al-descubierto.csv,el-discurso-del-rey-al-descubierto
el-esplendor-de-la-antigua-roma.csv,el-esplendor-de-la-antigua-roma
el-etnografo.csv,el-etnografo
el-futuro-es-nuestro.csv,el-futuro-es-nuestro
el-futuro-por-starck.csv,el-futuro-por-starck
el-genocidio-armenio.csv,el-genocidio-armenio
el-hombre-de-tukma.csv,el-hombre-de-tukma
el-imperio-del-aire.csv,el-imperio-del-aire
el-imperio-romano.csv,el-imperio-romano
el-informe-kliksberg.csv,el-informe-kliksberg
el-interior-de-la-memoria.csv,el-interior-de-la-memoria
el-jardin-de-las-delicias.csv,el-jardin-de-las-delicias
el-lado-gracioso-de-la-ciencia.csv,el-lado-gracioso-de-la-ciencia
el-lienzo-blanco-de-edward-hopper.csv,el-lienzo-blanco-de-edward-hopper
el-milagro-del-amor.csv,el-milagro-del-amor
el-misterio-de-la-materia-oscura.csv,el-misterio-de-la-materia-oscura
el-mundial-que-nunca-se-jugo.csv,el-mundial-que-nunca-se-jugo
el-mundo-despues-de-los-dinosaurios.csv,el-mundo-despues-de-los-dinosaurios
el-nacimiento-del-vagabundo.csv,el-nacimiento-del-vagabundo
el-ocaso-de-las-civilizaciones.csv,el-ocaso-de-las-civilizaciones
el-origen-de-las-especies.csv,el-origen-de-las-especies
el-paraiso-encontrado.csv,el-paraiso-encontrado
el-parque-prehistorico.csv,el-parque-prehistorico
el-perseguidor-blues-jazz-and-soul.csv,el-perseguidor-blues-jazz-and-soul
el-planeta-azul.csv,el-planeta-azul
el-pozo-oscuro-del-cocodrilo.csv,el-pozo-oscuro-del-cocodrilo
el-pr-incipe-de-los-alpes.csv,el-pr-incipe-de-los-alpes
el-protocolo-de-kioto.csv,el-protocolo-de-kioto
el-r-io-odisea-de-la-vida.csv,el-r-io-odisea-de-la-vida
el-regreso-de-la-abubilla.csv,el-regreso-de-la-abubilla
el-reino-de-los-suenos-y-la-locura.csv,el-reino-de-los-suenos-y-la-locura
el-rey-del-rocanrol.csv,el-rey-del-rocanrol
el-secreto-de-los-abejorros.csv,el-secreto-de-los-abejorros
el-secreto-de-los-huesos.csv,el-secreto-de-los-huesos
el-siglo-de-cartier-bresson.csv,el-siglo-de-cartier-bresson
el-soldado-desconocido.csv,el-soldado-desconocido
el-tiburon-del-siglo-xxi.csv,el-tiburon-del-siglo-xxi
el-tilonorrinco-el-arte-de-la-seduccion.csv,el-tilonorrinco-el-arte-de-la-seduccion
el-universo-elegante.csv,el-universo-elegante
el-vientre-nuestro-segundo-cerebro.csv,el-vientre-nuestro-segundo-cerebro
elecciones-el-oficio-de-ser-ciudadanos.csv,elecciones-el-oficio-de-ser-ciudadanos
elecciones-paso-a-paso-especial.csv,elecciones-paso-a-paso-especial
elefante-a-la-vista.csv,elefante-a-la-vista
elefantes-del-siglo-xxi.csv,elefantes-del-siglo-xxi
elevate.csv,elevate
en-accion.csv,en-accion
en-algun-lugar-de-la-tierra.csv,en-algun-lugar-de-la-tierra
en-busca-de-los-elementos.csv,en-busca-de-los-elementos
en-danza.csv,en-danza
en-el-medio-de-la-ley.csv,en-el-medio-de-la-ley
en-el-medio-del-poder.csv,en-el-medio-del-poder
en-el-medio-especial-conectar-igualdad.csv,en-el-medio-especial-conectar-igualdad
en-escena-grupos-de-teatro-argentino.csv,en-escena-grupos-de-teatro-argentino
en-su-justa-medida.csv,en-su-justa-medida
encuentro-con-argentores.csv,encuentro-con-argentores
encuentro-con-cortazar.csv,encuentro-con-cortazar
encuentro-en-el-estudio.csv,encuentro-en-el-estudio
enfermeria.csv,enfermeria
enfermeros-de-frontera.csv,enfermeros-de-frontera
ensamblados-los-instrumentos-de-la.csv,ensamblados-los-instrumentos-de-la
entornos-invisibles-de-la-ciencia-y-la.csv,entornos-invisibles-de-la-ciencia-y-la
entrevistas.csv,entrevistas
equilibrios-parques-nacionales.csv,equilibrios-parques-nacionales
ernesto-baffa-poesia-de-bandoneon.csv,ernesto-baffa-poesia-de-bandoneon
escenas-de-la-historia-de-un-pais.csv,escenas-de-la-historia-de-un-pais
escepticos-del-clima-la-guerra.csv,escepticos-del-clima-la-guerra
escritores-en-primera-persona.csv,escritores-en-primera-persona
escuela-abierta.csv,escuela-abierta
escuela-de-maestros.csv,escuela-de-maestros
escuelas-argentinas.csv,escuelas-argentinas
especial-casa-argentina-en-paris.csv,especial-casa-argentina-en-paris
especial-casa-rosada-la-arquitectura.csv,especial-casa-rosada-la-arquitectura
especial-celeste-y-blanca.csv,especial-celeste-y-blanca
especial-darwin-en-argentina.csv,especial-darwin-en-argentina
especial-elecciones-legislativas-para.csv,especial-elecciones-legislativas-para
especial-festival-infantil-de-necochea.csv,especial-festival-infantil-de-necochea
especial-grandes-infraestructuras.csv,especial-grandes-infraestructuras
especial-guemes.csv,especial-guemes
especial-jardin-de-infantes.csv,especial-jardin-de-infantes
especial-jean-pierre-bousquet.csv,especial-jean-pierre-bousquet
especial-leonardo-favio.csv,especial-leonardo-favio
especial-ley-1420-el-derecho-a-la.csv,especial-ley-1420-el-derecho-a-la
especial-malvinas-resolucion-2065.csv,especial-malvinas-resolucion-2065
especial-musical-zamba.csv,especial-musical-zamba
especial-nestor-kirchner.csv,especial-nestor-kirchner
especial-rebeli-on-en-los-llanos-vida.csv,especial-rebeli-on-en-los-llanos-vida
especial-vidas-de-sarmiento.csv,especial-vidas-de-sarmiento
especiales-historia-de-un-pais.csv,especiales-historia-de-un-pais
especiales-legado.csv,especiales-legado
espiritu-newbery.csv,espiritu-newbery
estadio-nacional.csv,estadio-nacional
estela.csv,estela
europa-salvaje.csv,europa-salvaje
ex-esma-retratos-de-una-recuperacion.csv,ex-esma-retratos-de-una-recuperacion
exodo.csv,exodo
expedicion-a-las-islas-georgias-del.csv,expedicion-a-las-islas-georgias-del
experimentos-para-hacer-en-casa.csv,experimentos-para-hacer-en-casa
faros-la-luz-de-la-civilizacion.csv,faros-la-luz-de-la-civilizacion
ficciones-de-guerra.csv,ficciones-de-guerra
filo-cronicas-de-universidad.csv,filo-cronicas-de-universidad
filosofia-aqui-y-ahora.csv,filosofia-aqui-y-ahora
flora-y-fauna.csv,flora-y-fauna
foro-internacional-emancipacion-e.csv,foro-internacional-emancipacion-e
fotografos-revelados.csv,fotografos-revelados
fotos-de-infancia.csv,fotos-de-infancia
fotos-retrato-de-un-pais.csv,fotos-retrato-de-un-pais
francia-es-libre-la-guerra-en-colores.csv,francia-es-libre-la-guerra-en-colores
frentes-populares-europeos.csv,frentes-populares-europeos
fuera-de-riesgo.csv,fuera-de-riesgo
futbol-pasi-on.csv,futbol-pasi-on
futuros-docentes.csv,futuros-docentes
gabriel-garcia-marquez-la-escritura.csv,gabriel-garcia-marquez-la-escritura
galapagos.csv,galapagos
garcia-y-los-enfermeros.csv,garcia-y-los-enfermeros
generacion-tierra.csv,generacion-tierra
genero-identidad-la-diversidad-en-el.csv,genero-identidad-la-diversidad-en-el
gente-de-rio.csv,gente-de-rio
gente-grande.csv,gente-grande
geografias.csv,geografias
grafiteros-del-mundo.csv,grafiteros-del-mundo
gral-jorge-leal-un-expedicionario-en.csv,gral-jorge-leal-un-expedicionario-en
grandes-conciertos.csv,grandes-conciertos
grandes-de-nuestra-cultura.csv,grandes-de-nuestra-cultura
grandes-infraestructuras-argentinas.csv,grandes-infraestructuras-argentinas
grandes-pensadores-del-siglo-xx.csv,grandes-pensadores-del-siglo-xx
guemes.csv,guemes
guerreros.csv,guerreros
guzman-por-guzman.csv,guzman-por-guzman
h-i-j-o-s-de-una-misma-historia.csv,h-i-j-o-s-de-una-misma-historia
hay-quorum.csv,hay-quorum
hemisferio-sur.csv,hemisferio-sur
henry-miller-dormido-y-despierto.csv,henry-miller-dormido-y-despierto
hiroshima-y-nagasaki.csv,hiroshima-y-nagasaki
historia-de-la-fotografia.csv,historia-de-la-fotografia
historia-de-la-vida.csv,historia-de-la-vida
historia-de-las-clases-populares.csv,historia-de-las-clases-populares
historia-de-un-pais.csv,historia-de-un-pais
historia-en-movimiento.csv,historia-en-movimiento
historia-natural-de-la-risa.csv,historia-natural-de-la-risa
historia-s-del-cine.csv,historia-s-del-cine
historias-con-maupassant.csv,historias-con-maupassant
historias-de-genero.csv,historias-de-genero
historias-de-la-plaza.csv,historias-de-la-plaza
historias-de-la-rioja.csv,historias-de-la-rioja
historias-de-santa-fe.csv,historias-de-santa-fe
historias-debidas.csv,historias-debidas
historias-debidas-latinoamerica.csv,historias-debidas-latinoamerica
hoy-bailare.csv,hoy-bailare
humanidades-en-carrera.csv,humanidades-en-carrera
humano-demasiado-humano.csv,humano-demasiado-humano
icaros.csv,icaros
idolos-por-el-mundo.csv,idolos-por-el-mundo
iglesia-latinoamericana.csv,iglesia-latinoamericana
igual-de-diferentes.csv,igual-de-diferentes
iguales-y-conectados.csv,iguales-y-conectados
impresionismo-la-venganza-de-lo-hermoso.csv,impresionismo-la-venganza-de-lo-hermoso
impreso-en-argentina.csv,impreso-en-argentina
india-salvaje-la-tierra-del-tigre.csv,india-salvaje-la-tierra-del-tigre
industria-nacional.csv,industria-nacional
ingenieria-de-lo-imposible.csv,ingenieria-de-lo-imposible
inoxidables-iconos-de-la-industria.csv,inoxidables-iconos-de-la-industria
insectomania.csv,insectomania
insectos-su-mundo-milimetrico.csv,insectos-su-mundo-milimetrico
insurgentes.csv,insurgentes
interiores-mi-cuerpo-y-yo.csv,interiores-mi-cuerpo-y-yo
invasion.csv,invasion
isaac-newton-el-ultimo-mago.csv,isaac-newton-el-ultimo-mago
isla-de-los-estados.csv,isla-de-los-estados
j-r-r-tolkien-disenador-de-mundos.csv,j-r-r-tolkien-disenador-de-mundos
jack-kerouac-el-rey-de-los-beatniks.csv,jack-kerouac-el-rey-de-los-beatniks
japon-memorias-de-un-imperio-secreto.csv,japon-memorias-de-un-imperio-secreto
jerusalen-la-construccion-de-una-ciudad.csv,jerusalen-la-construccion-de-una-ciudad
jesuitas-en-c-ordoba.csv,jesuitas-en-c-ordoba
joseph-mallord-william-turner.csv,joseph-mallord-william-turner
juan-saavedra-el-bailarin-de-los-montes.csv,juan-saavedra-el-bailarin-de-los-montes
juana-bronce-y-libertad.csv,juana-bronce-y-libertad
jugadores-de-toda-la-cancha.csv,jugadores-de-toda-la-cancha
jujuy-suena.csv,jujuy-suena
jung-habla-sobre-freud.csv,jung-habla-sobre-freud
jungla-de-agua-dulce.csv,jungla-de-agua-dulce
junio-40-francia-en-caos.csv,junio-40-francia-en-caos
juntapapeles.csv,juntapapeles
juventud-y-militancia.csv,juventud-y-militancia
keops-revelada.csv,keops-revelada
krakatoa.csv,krakatoa
la-argentina-segun-peron.csv,la-argentina-segun-peron
la-asombrosa-excursion-de-zamba.csv,la-asombrosa-excursion-de-zamba
la-atlantida.csv,la-atlantida
la-ballena-azul-en-concierto.csv,la-ballena-azul-en-concierto
la-belleza-de-los-diagramas.csv,la-belleza-de-los-diagramas
la-belleza-de-los-libros.csv,la-belleza-de-los-libros
la-belleza-de-los-mapas.csv,la-belleza-de-los-mapas
la-caceria-de-los-nazis.csv,la-caceria-de-los-nazis
la-caida.csv,la-caida
la-caida-del-muro-de-berlin.csv,la-caida-del-muro-de-berlin
la-celebracion.csv,la-celebracion
la-china-antigua.csv,la-china-antigua
la-ciencia-de-los-secretos.csv,la-ciencia-de-los-secretos
la-conspiracion-permanente.csv,la-conspiracion-permanente
la-conspiracion-permanente-ii.csv,la-conspiracion-permanente-ii
la-corta-vida-de-ana-frank.csv,la-corta-vida-de-ana-frank
la-cortina-de-hierro-un-cinturon-de.csv,la-cortina-de-hierro-un-cinturon-de
la-creacion-del-himno-fotogramas-de.csv,la-creacion-del-himno-fotogramas-de
la-cuestion-penal.csv,la-cuestion-penal
la-era-de-los-caciques.csv,la-era-de-los-caciques
la-familia-de-osos-y-yo.csv,la-familia-de-osos-y-yo
la-fe-del-siglo.csv,la-fe-del-siglo
la-fisica-de-la-luz.csv,la-fisica-de-la-luz
la-flauta-magica.csv,la-flauta-magica
la-foto-de-la-nina-del-napalm.csv,la-foto-de-la-nina-del-napalm
la-gran-barrera-de-coral.csv,la-gran-barrera-de-coral
la-gran-imagen.csv,la-gran-imagen
la-guerra-de-hollywood.csv,la-guerra-de-hollywood
la-guerra-de-vietnam.csv,la-guerra-de-vietnam
la-guerra-en-espana.csv,la-guerra-en-espana
la-guia-perversa-de-la-ideologia.csv,la-guia-perversa-de-la-ideologia
la-guia-perversa-del-cine.csv,la-guia-perversa-del-cine
la-historia-de-la-electricidad.csv,la-historia-de-la-electricidad
la-historia-de-la-tierra.csv,la-historia-de-la-tierra
la-historia-del-cine-una-odisea.csv,la-historia-del-cine-una-odisea
la-historia-del-mundo.csv,la-historia-del-mundo
la-historia-en-el-cine.csv,la-historia-en-el-cine
la-historia-no-contada-de-los-estados.csv,la-historia-no-contada-de-los-estados
la-humanidad-y-la-biodiversidad.csv,la-humanidad-y-la-biodiversidad
la-iluminacion-del-futuro.csv,la-iluminacion-del-futuro
la-inteligencia-de-las-aves.csv,la-inteligencia-de-las-aves
la-invasion-de-los-cocodrilos.csv,la-invasion-de-los-cocodrilos
la-marcha-de-los-dinosaurios.csv,la-marcha-de-los-dinosaurios
la-matanza-la-historia.csv,la-matanza-la-historia
la-mentalidad-medieval.csv,la-mentalidad-medieval
la-mente-en-movimiento.csv,la-mente-en-movimiento
la-musica-de-los-setenta.csv,la-musica-de-los-setenta
la-nueva-frontera-plataforma-submarina.csv,la-nueva-frontera-plataforma-submarina
la-odisea-de-la-lechuza.csv,la-odisea-de-la-lechuza
la-opera-anna-bolena.csv,la-opera-anna-bolena
la-primavera-de-praga.csv,la-primavera-de-praga
la-primera-flor.csv,la-primera-flor
la-ruta-de-las-especias.csv,la-ruta-de-las-especias
la-sala.csv,la-sala
la-tecnica-practicas-en-accion.csv,la-tecnica-practicas-en-accion
la-trama-laboral.csv,la-trama-laboral
la-union-sovietica-despues-de-stalin.csv,la-union-sovietica-despues-de-stalin
la-verdadera-historia-de-la-ciencia.csv,la-verdadera-historia-de-la-ciencia
la-verdadera-historia-de-los-mitos.csv,la-verdadera-historia-de-los-mitos
la-vida-de-los-mamiferos.csv,la-vida-de-los-mamiferos
la-vida-de-los-pajaros.csv,la-vida-de-los-pajaros
la-vida-del-agua.csv,la-vida-del-agua
la-vida-oculta-de-las-obras-de-arte.csv,la-vida-oculta-de-las-obras-de-arte
la-vida-oculta-de-nuestros-genes.csv,la-vida-oculta-de-nuestros-genes
la-vida-secreta-de-los-elefantes.csv,la-vida-secreta-de-los-elefantes
la-vida-secreta-del-hielo.csv,la-vida-secreta-del-hielo
la-vida-segun-galeano.csv,la-vida-segun-galeano
la-voz.csv,la-voz
la-voz-de-los-sobrevivientes.csv,la-voz-de-los-sobrevivientes
las-aventuras-de-la-familia-chimpance.csv,las-aventuras-de-la-familia-chimpance
las-dos-caras-de-auschwitz.csv,las-dos-caras-de-auschwitz
las-matematicas-y-el-origen-de-la.csv,las-matematicas-y-el-origen-de-la
las-mensajeras-de-los-dioses.csv,las-mensajeras-de-los-dioses
leonardo.csv,leonardo
leones-blancos-nacidos-salvajes.csv,leones-blancos-nacidos-salvajes
ley-pareja.csv,ley-pareja
lidiando-con-el-tiempo.csv,lidiando-con-el-tiempo
lo-que-las-hembras-desean-y-los-machos.csv,lo-que-las-hembras-desean-y-los-machos
lorca-muerte-de-un-poeta.csv,lorca-muerte-de-un-poeta
los-abolicionistas.csv,los-abolicionistas
los-animales-y-el-alcohol.csv,los-animales-y-el-alcohol
los-anos-oscuros-una-era-de-luz.csv,los-anos-oscuros-una-era-de-luz
los-argenmex.csv,los-argenmex
los-balcanes-salvajes.csv,los-balcanes-salvajes
los-barbaros-de-terry-jones.csv,los-barbaros-de-terry-jones
los-caminos-de-atahualpa.csv,los-caminos-de-atahualpa
los-caminos-de-la-lectura.csv,los-caminos-de-la-lectura
los-carabajal-musicos-de-familia.csv,los-carabajal-musicos-de-familia
los-cazadores-de-las-sombras.csv,los-cazadores-de-las-sombras
los-cazadores-del-cielo-el-mundo-de.csv,los-cazadores-del-cielo-el-mundo-de
los-compositores.csv,los-compositores
los-confines-de-la-palabra.csv,los-confines-de-la-palabra
los-dias-de-galeano.csv,los-dias-de-galeano
los-dinosaurios-de-hoy.csv,los-dinosaurios-de-hoy
los-dragones-de-las-islas-canarias.csv,los-dragones-de-las-islas-canarias
los-elementos.csv,los-elementos
los-eventos-mas-raros-de-la-naturaleza.csv,los-eventos-mas-raros-de-la-naturaleza
los-exilios-del-cine-de-hitler-a.csv,los-exilios-del-cine-de-hitler-a
los-gigantes-de-la-era-del-hielo.csv,los-gigantes-de-la-era-del-hielo
los-heroes-de-la-ilustracion.csv,los-heroes-de-la-ilustracion
los-impresionistas.csv,los-impresionistas
los-impresionistas-pintura-y-revolucion.csv,los-impresionistas-pintura-y-revolucion
los-inventores.csv,los-inventores
los-limites-de-la-luz.csv,los-limites-de-la-luz
los-locos-de-la-azotea.csv,los-locos-de-la-azotea
los-malditos.csv,los-malditos
los-no-convencionales.csv,los-no-convencionales
los-normandos.csv,los-normandos
los-osos-en-la-cima-del-mundo.csv,los-osos-en-la-cima-del-mundo
los-pirineos-salvajes.csv,los-pirineos-salvajes
los-rosarinos.csv,los-rosarinos
los-siete-secretos-de-africa.csv,los-siete-secretos-de-africa
los-trabajos-y-los-dias.csv,los-trabajos-y-los-dias
los-ultimos-exploradores.csv,los-ultimos-exploradores
luchas-del-pueblo.csv,luchas-del-pueblo
macedonio-fernandez.csv,macedonio-fernandez
madera-argentina.csv,madera-argentina
madres-de-plaza-de-mayo-la-historia.csv,madres-de-plaza-de-mayo-la-historia
maestros-de-america-latina.csv,maestros-de-america-latina
maestros-del-dinero.csv,maestros-del-dinero
magritte-noche-y-dia.csv,magritte-noche-y-dia
malvinas-la-historia-de-la-usurpacion.csv,malvinas-la-historia-de-la-usurpacion
mamiferos-vs-dinosaurios.csv,mamiferos-vs-dinosaurios
mandela-de-klerk.csv,mandela-de-klerk
manet-el-hombre-que-invento-el-arte.csv,manet-el-hombre-que-invento-el-arte
mansion-de-invierno-se-busca.csv,mansion-de-invierno-se-busca
mar-del-norte-salvaje.csv,mar-del-norte-salvaje
maravillosa-musica.csv,maravillosa-musica
mares-resplandecientes.csv,mares-resplandecientes
mark-zuckerberg-facebook-por-dentro.csv,mark-zuckerberg-facebook-por-dentro
martin-luther-king-y-la-lucha-por-los.csv,martin-luther-king-y-la-lucha-por-los
mcluhan-el-visionario-de-la-sociedad.csv,mcluhan-el-visionario-de-la-sociedad
me-voy-para-venir.csv,me-voy-para-venir
megaestructuras-de-la-antiguedad.csv,megaestructuras-de-la-antiguedad
memoria-colectiva.csv,memoria-colectiva
memoria-iluminada.csv,memoria-iluminada
memorias-del-subdesarrollo.csv,memorias-del-subdesarrollo
mentira-la-verdad.csv,mentira-la-verdad
mercedes-sosa-la-voz-de-latinoamerica.csv,mercedes-sosa-la-voz-de-latinoamerica
metamorfosis-la-ciencia-del-cambio.csv,metamorfosis-la-ciencia-del-cambio
metr-opolis-refundada.csv,metr-opolis-refundada
mi-banda.csv,mi-banda
mi-cerebro-tiene-un-sexo.csv,mi-cerebro-tiene-un-sexo
mi-pais-nuestro-mundo.csv,mi-pais-nuestro-mundo
mi-supernovia.csv,mi-supernovia
mi-viaje-a-italia.csv,mi-viaje-a-italia
mi-vida-conmigo.csv,mi-vida-conmigo
micromonstruos.csv,micromonstruos
micromundos-de-la-naturaleza.csv,micromundos-de-la-naturaleza
milagro-en-el-vientre.csv,milagro-en-el-vientre
misiones-historias-de-nuestra-provincia.csv,misiones-historias-de-nuestra-provincia
mitomanias-argentinas.csv,mitomanias-argentinas
mongolia-salvaje.csv,mongolia-salvaje
monstruos-de-la-profundidad.csv,monstruos-de-la-profundidad
mujeres.csv,mujeres
mujeres-en-la-guerra.csv,mujeres-en-la-guerra
mujeres-latinoamericanas.csv,mujeres-latinoamericanas
mujeres-lo-personal-es-politico.csv,mujeres-lo-personal-es-politico
mundo-bayer.csv,mundo-bayer
mundo-gieco.csv,mundo-gieco
mundo-torres.csv,mundo-torres
mundos-antiguos.csv,mundos-antiguos
mundos-desconocidos.csv,mundos-desconocidos
musicos-de-latinoamerica.csv,musicos-de-latinoamerica
mussolini.csv,mussolini
naabi-la-princesa-hiena.csv,naabi-la-princesa-hiena
nacieron-pueblos-ciudades-del-futuro.csv,nacieron-pueblos-ciudades-del-futuro
namibia-un-reino-desertico.csv,namibia-un-reino-desertico
naturaleza-explorada.csv,naturaleza-explorada
naturalistas-viajeros.csv,naturalistas-viajeros
naturalmente-obsesionado-la-creacion.csv,naturalmente-obsesionado-la-creacion
negando-la-guerra.csv,negando-la-guerra
negro-sobre-blanco.csv,negro-sobre-blanco
no-es-solo-rocanrol.csv,no-es-solo-rocanrol
nuestro-cine.csv,nuestro-cine
nuestro-club.csv,nuestro-club
nuestro-mapa.csv,nuestro-mapa
nuestros-origenes.csv,nuestros-origenes
nuevo-arte-argentino.csv,nuevo-arte-argentino
nuevo-cancionero-el-movimiento.csv,nuevo-cancionero-el-movimiento
nuevo-mundo-salvaje.csv,nuevo-mundo-salvaje
numeros-e-una-aventura-comestible.csv,numeros-e-una-aventura-comestible
obra-en-construccion.csv,obra-en-construccion
obras-maestras-inconclusas.csv,obras-maestras-inconclusas
oceano-indico-con-simon-reeve.csv,oceano-indico-con-simon-reeve
octubre-pilaga.csv,octubre-pilaga
oficios-cesteria-en-simbol.csv,oficios-cesteria-en-simbol
oficios-cuchilleria-artesanal.csv,oficios-cuchilleria-artesanal
oficios-curso-de-albanileria.csv,oficios-curso-de-albanileria
oficios-curso-de-carpinteria.csv,oficios-curso-de-carpinteria
oficios-curso-de-corte-y-confeccion.csv,oficios-curso-de-corte-y-confeccion
oficios-curso-de-electricidad.csv,oficios-curso-de-electricidad
oficios-curso-de-fotografia.csv,oficios-curso-de-fotografia
oficios-curso-de-herreria.csv,oficios-curso-de-herreria
oficios-curso-de-huerta.csv,oficios-curso-de-huerta
oficios-curso-de-impresiones-graficas.csv,oficios-curso-de-impresiones-graficas
oficios-curso-de-mecanica-del-automotor.csv,oficios-curso-de-mecanica-del-automotor
oficios-curso-de-panaderia.csv,oficios-curso-de-panaderia
oficios-curso-de-peluqueria.csv,oficios-curso-de-peluqueria
oficios-curso-de-plomeria.csv,oficios-curso-de-plomeria
oficios-curso-de-terminaciones.csv,oficios-curso-de-terminaciones
oficios-de-radio.csv,oficios-de-radio
oficios-tejido-en-telar.csv,oficios-tejido-en-telar
orbita-el-viaje-extraordinario-de-la.csv,orbita-el-viaje-extraordinario-de-la
orson-welles-entrevista-en-paris.csv,orson-welles-entrevista-en-paris
orson-welles-sombras-y-luces.csv,orson-welles-sombras-y-luces
osos-polares-viviendo-sobre-el-hielo.csv,osos-polares-viviendo-sobre-el-hielo
osvaldo-soriano-cuentos-de-los-anos.csv,osvaldo-soriano-cuentos-de-los-anos
otro-extremo-misiones.csv,otro-extremo-misiones
padres-de-la-plaza.csv,padres-de-la-plaza
paisajes-del-himno.csv,paisajes-del-himno
paisanos.csv,paisanos
pallarols-maestro-orfebre.csv,pallarols-maestro-orfebre
pampa-del-indio.csv,pampa-del-indio
pampa-libre.csv,pampa-libre
par-is-1919.csv,par-is-1919
parana-historias-de-un-rio.csv,parana-historias-de-un-rio
parasitos.csv,parasitos
parpados.csv,parpados
parques-nacionales-la-aventura.csv,parques-nacionales-la-aventura
pasar-al-frente-escuelas-argentinas.csv,pasar-al-frente-escuelas-argentinas
patriotas-latinoamericanos.csv,patriotas-latinoamericanos
peninsula-valdes.csv,peninsula-valdes
pensadores.csv,pensadores
pensar-malvinas.csv,pensar-malvinas
penyu-penyu-las-tortugas-del-mar-de.csv,penyu-penyu-las-tortugas-del-mar-de
pequenos-monstruos.csv,pequenos-monstruos
pequenos-universos.csv,pequenos-universos
pinguinos-de-la-antartida.csv,pinguinos-de-la-antartida
pioneros.csv,pioneros
pioneros-de-la-medicina.csv,pioneros-de-la-medicina
planeta-gorri-on.csv,planeta-gorri-on
planeta-oceano.csv,planeta-oceano
plop-caete-de-risa.csv,plop-caete-de-risa
polifonia.csv,polifonia
por-que-canto.csv,por-que-canto
por-que-es-un-clasico.csv,por-que-es-un-clasico
precision-la-medida-de-todas-las-cosas.csv,precision-la-medida-de-todas-las-cosas
presentes.csv,presentes
presidentes-argentinos.csv,presidentes-argentinos
presidentes-de-latinoamerica.csv,presidentes-de-latinoamerica
primavera-en-galapagos.csv,primavera-en-galapagos
primer-plano-fotografos-trabajando.csv,primer-plano-fotografos-trabajando
primer-plano-retratos.csv,primer-plano-retratos
primera-guerra-mundial.csv,primera-guerra-mundial
primeros-anos-creciendo-juntos.csv,primeros-anos-creciendo-juntos
promesas.csv,promesas
proyecto-g.csv,proyecto-g
proyecto-tierra.csv,proyecto-tierra
publica-y-gratuita.csv,publica-y-gratuita
pueblos-de-fiesta.csv,pueblos-de-fiesta
pueblos-originarios.csv,pueblos-originarios
qhapaq-nan-desandando-el-camino.csv,qhapaq-nan-desandando-el-camino
que-fue-de-tu-vida.csv,que-fue-de-tu-vida
que-hubiera-pasado.csv,que-hubiera-pasado
que-supimos-conseguir-una-mirada.csv,que-supimos-conseguir-una-mirada
queremos-saber.csv,queremos-saber
quien-soy-yo.csv,quien-soy-yo
quizas-porque.csv,quizas-porque
radiocaj.csv,radiocaj
radios-universitarias-argentinas-una.csv,radios-universitarias-argentinas-una
rebelion-en-los-llanos-vida.csv,rebelion-en-los-llanos-vida
reconstruccion-los-anos-de-san-martin.csv,reconstruccion-los-anos-de-san-martin
recordando-el-show-de-alejandro-molina.csv,recordando-el-show-de-alejandro-molina
reina-de-carnaval.csv,reina-de-carnaval
relatos-de-mendoza.csv,relatos-de-mendoza
religion-para-principiantes.csv,religion-para-principiantes
remigio-y-los-cohetes.csv,remigio-y-los-cohetes
rene-favaloro-trazos-de-una-vida.csv,rene-favaloro-trazos-de-una-vida
restauradores.csv,restauradores
retrato-de-un-genocidio.csv,retrato-de-un-genocidio
retratos.csv,retratos
revolucion-digital.csv,revolucion-digital
revolucion-el-cruce-de-los-andes.csv,revolucion-el-cruce-de-los-andes
revoluciones.csv,revoluciones
rio-arriba.csv,rio-arriba
rios-del-mundo.csv,rios-del-mundo
rockumentales.csv,rockumentales
rococo.csv,rococo
rodolfo-walsh-reconstruccion-de-un.csv,rodolfo-walsh-reconstruccion-de-un
roma-al-descubierto.csv,roma-al-descubierto
roth-sobre-roth.csv,roth-sobre-roth
rusia-salvaje.csv,rusia-salvaje
salud-un-bien-social.csv,salud-un-bien-social
san-martin-el-combate-de-san-lorenzo.csv,san-martin-el-combate-de-san-lorenzo
santiaguenos.csv,santiaguenos
sara-rus-tengo-que-contar.csv,sara-rus-tengo-que-contar
sarajevo-el-asesinato.csv,sarajevo-el-asesinato
se-dice-de-mi.csv,se-dice-de-mi
se-trata-de-nosotros.csv,se-trata-de-nosotros
secretos-de-la-colmena.csv,secretos-de-la-colmena
secretos-de-una-larga-vida.csv,secretos-de-una-larga-vida
secretos-del-museo-especiales.csv,secretos-del-museo-especiales
secretos-del-museo-temporada-i.csv,secretos-del-museo-temporada-i
secretos-sobre-todo.csv,secretos-sobre-todo
seis-cuerdas.csv,seis-cuerdas
ser-vial.csv,ser-vial
sexo-bajo-el-mar.csv,sexo-bajo-el-mar
sexo-y-sensibilidad-el-encanto-del.csv,sexo-y-sensibilidad-el-encanto-del
shincal-la-huella-inca-en.csv,shincal-la-huella-inca-en
simon-schama-shakespeare-y-nosotros.csv,simon-schama-shakespeare-y-nosotros
sin-limites.csv,sin-limites
sip-ohi-el-lugar-del-mandure.csv,sip-ohi-el-lugar-del-mandure
sobrevivir-en-la-sequia.csv,sobrevivir-en-la-sequia
somos-memoria.csv,somos-memoria
soy-del-pueblo.csv,soy-del-pueblo
soy-huao.csv,soy-huao
subsidios.csv,subsidios
sudamerica-salvaje.csv,sudamerica-salvaje
suenos-lucidos.csv,suenos-lucidos
superanimales.csv,superanimales
superaranas.csv,superaranas
t-otem.csv,t-otem
tango.csv,tango
tata-cedron-el-regreso-de-juancito.csv,tata-cedron-el-regreso-de-juancito
telescope-una-charla-con-hitchcock.csv,telescope-una-charla-con-hitchcock
tendiendo-puentes-con-horacio-lavandera.csv,tendiendo-puentes-con-horacio-lavandera
termitas-el-santuario-interior.csv,termitas-el-santuario-interior
territorio-animal.csv,territorio-animal
territorio-de-vida.csv,territorio-de-vida
tesoros-de-la-antigua-roma.csv,tesoros-de-la-antigua-roma
the-beat-hotel.csv,the-beat-hotel
tierra-adentro.csv,tierra-adentro
tierra-de-fanaticos.csv,tierra-de-fanaticos
tierra-del-fuego.csv,tierra-del-fuego
tocando-en-el-silencio.csv,tocando-en-el-silencio
todo-se-transforma.csv,todo-se-transforma
tramas-del-plan-condor-hallazgos-de.csv,tramas-del-plan-condor-hallazgos-de
tras-los-pasos-de.csv,tras-los-pasos-de
trenes-nocturnos-desde-ko-ice.csv,trenes-nocturnos-desde-ko-ice
tu-mundo-argentina.csv,tu-mundo-argentina
tunga-tunga-el-ritmo-cordobes.csv,tunga-tunga-el-ritmo-cordobes
un-dia-peronista.csv,un-dia-peronista
un-mundo-de-insectos.csv,un-mundo-de-insectos
un-tanque-en-la-luna.csv,un-tanque-en-la-luna
un-trabajo-particular.csv,un-trabajo-particular
un-universo-en-miniatura.csv,un-universo-en-miniatura
un-viaje-a-malvinas.csv,un-viaje-a-malvinas
un-viaje-por-el-cine-americano.csv,un-viaje-por-el-cine-americano
una-gira-diferente.csv,una-gira-diferente
universos-de-aprendizaje.csv,universos-de-aprendizaje
usa-tu-net.csv,usa-tu-net
valor-agregado.csv,valor-agregado
vencedores-y-vencidos-las-luchas-por.csv,vencedores-y-vencidos-las-luchas-por
venenos-curativos.csv,venenos-curativos
ver-la-historia.csv,ver-la-historia
verde.csv,verde
viaje-de-los-continentes.csv,viaje-de-los-continentes
vida.csv,vida
vida-a-sangre-fria.csv,vida-a-sangre-fria
vida-en-el-vientre.csv,vida-en-el-vientre
vida-salvaje.csv,vida-salvaje
vida-silvestre-especial-serpientes.csv,vida-silvestre-especial-serpientes
vidas-de-sarmiento.csv,vidas-de-sarmiento
viento-del-pueblo-miguel-hernandez.csv,viento-del-pueblo-miguel-hernandez
vikingos.csv,vikingos
vincent-la-historia-completa.csv,vincent-la-historia-completa
vinicius-en-la-fusa.csv,vinicius-en-la-fusa
vocacion-de-vida.csv,vocacion-de-vida
vocaciones.csv,vocaciones
vocaciones-argentinas.csv,vocaciones-argentinas
vos-y-voto.csv,vos-y-voto
vuelo-de-cabotaje.csv,vuelo-de-cabotaje
walsh-entre-todos.csv,walsh-entre-todos
waterloo-la-ultima-batalla.csv,waterloo-la-ultima-batalla
xix-los-proyectos-de-nacion.csv,xix-los-proyectos-de-nacion
y-si-esto-no-es-cultura.csv,y-si-esto-no-es-cultura
yo-fidel-castro.csv,yo-fidel-castro
yo-soy-chavez.csv,yo-soy-chavez
yrigoyen-y-peron-lideres-populares.csv,yrigoyen-y-peron-lideres-populares
zizek.csv,zizek
zygmunt-bauman-en-lawnswood-gardens.csv,zygmunt-bauman-en-lawnswood-gardens
